time,title,noi dung,link,nd_chitiet
2023-06-22T18:53:00,Bất ngờ một cổ phiếu xây dựng tăng giá 35 lần trong 2 tháng,"VN-Index tăng điểm 3 phiên liên tiếp, lên mốc cao nhất trong 8 tháng qua, Đáng chú ý trên thị trường, một cổ phiếu xây dựng tăng giá gấp 35 lần chỉ qua 2 tháng.",https://cafef.vn/bat-ngo-mot-co-phieu-xay-dung-tang-gia-35-lan-trong-2-thang-188230622185333324.chn,"['VN-Index duy trì sắc xanh trong suốt phiên hôm nay (22/6), đóng cửa có thêm gần 7 điểm, lên 1.125 điểm. Đà tăng của chỉ số chính thu hẹp về cuối phiên, khi một số cổ phiếu lớn hạ độ cao. VN30-Index đóng cửa tăng 5,5 điểm, thấp hơn mức tăng của chỉ số chính. Các mã tích cực nhất như VHM, BID, VCB, HPG, CTG, VNM... chỉ tăng trên 1-2%. VHM khởi sắc nhất, trở thành trụ cột cho VN-Index. Cổ phiếu của Vinhomes tăng 2% lên 30.000 đồng/đơn vị.', 'Cũng trong rổ VN30, STB tăng 2%, các mã ngân hàng CTG, BID, VIB tăng trên 1%. Dù đà tăng không lớn, mức sắc xanh lan tỏa ở hầu hết nhóm ngành. Với nhóm ngân hàng, gần 20 cổ phiếu tăng giá, mức tăng chủ yếu trên dưới 1%. Trên HoSE, chỉ có ACB, VPB giảm nhẹ dưới tham chiếu.', 'Nhóm bất động sản vẫn là điểm đến của dòng tiền, khi DIG dẫn đầu thanh khoản toàn thị trường. Hơn 1.000 tỷ đồng đổ vào DIG, đưa giá cổ phiếu lên sát trần. Đóng cửa, DIG tăng 6,2% lên 23.050 đồng/cổ phiếu. DXG, NVL cũng giữ thanh khoản cao. Bộ đôi DXG, DXS tăng mạnh 4-5%. QCG, NBB tăng kịch trần. Đây là phiên tăng trần thứ 2 liên tiếp của QCG. Sau đà bán tháo vừa qua, dòng tiền đầu cơ lại hướng về QCG, kết phiên còn 265 nghìn cổ phiếu dư mua giá trần. Bên bán trống trơn.', 'Đáng chú ý, cổ phiếu XDC của Công ty TNHH MTV Xây dựng Công trình Tân Cảng liên tục tăng trần trong khoảng 2 tháng gần đây. Từ mức 15.700 đồng (ngày 24/4), XDC tăng giá 35 lần, đóng cửa phiên hôm nay ở mức 504.500 đồng/cổ phiếu. Khối lượng giao dịch của XDC chỉ vỏn vẹn vài trăm cổ phiếu/ phiên, mới ghi nhận giao dịch đều đặn trong khoảng 2 tháng gần đây. Trước đó, cổ phiếu này gần như không có thanh khoản.', 'Với đà tăng phi mã hiện nay, XDC đã trở thành cổ phiếu thị giá cao thứ 2 toàn sàn, chỉ xếp sau hiện tượng VNZ. Biên độ dao động trên UPCoM là 15% phiên. Nếu tiếp tục tăng trần trong 2 phiên tới, XDC có nhiều khả năng trở thành cổ phiếu “đắt nhất” sàn chứng khoán.', 'XDC lên sàn UPCoM Vào ngày 1/12/2022, với giá 15.000 đồng/cổ phiếu. Công ty TNHH một thành viên Xây dựng Công trình Tân Cảng tiền thân là đơn vị công binh thuộc Quân chủng Hải Quân. Công ty hoạt động trong lĩnh vực xây dựng, sửa chữa công trình thủy; nạo vét cảng sông, cảng biển và cho thuê máy móc cẩu bờ tại các tỉnh Quảng Nam, Khánh Hoà, Vũng Tàu, TPHCM… Theo báo cáo tài chính kiểm toán, năm 2022 doanh thu XDC đạt 279 tỷ đồng, giảm 15% so với cùng kỳ. Lợi nhuận sau thuế đạt 8 tỷ đồng, giảm 9%.', 'Cùng với nhóm bất động sản, cổ phiếu thép, vật liệu xây dựng tiếp tục khởi sắc. Các ngành dầu khí, bán lẻ, hóa chất, thủy sản... cùng đi lên.', 'Kết thúc phiên giao dịch, VN-Index tăng 6,84 điểm (0,61%) lên 1.125,3 điểm. HNX-Index tăng 0,14 điểm (0,06%) lên 231,91 điểm. UPCoM-Index tăng 0,05 điểm (0,06%) lên 85,5 điểm. Thanh khoản nhích nhẹ, với giá trị khớp lệnh HoSE lên hơn 16.500 tỷ đồng. Khối ngoại đẩy mạnh bán ròng, giá trị hơn 428 tỷ đồng. Giá trị bán ròng tại VHM tăng đột biến, lên hơn 583 tỷ đồng.']"
2023-06-22T17:48:00,"Tự doanh CTCK quay đầu mua ròng gần trăm tỷ đồng, tập trung gom mạnh một cổ phiếu trên sàn UPCoM","Ngược chiều khối ngoại, tự doanh CTCK quay đầu mua ròng hơn 80 tỷ đồng trên cả 3 sàn.",https://cafef.vn/tu-doanh-ctck-quay-dau-mua-rong-gan-tram-ty-dong-tap-trung-gom-manh-mot-co-phieu-tren-san-upcom-188230622174800637.chn,"['Chứng khoán Việt Nam tiếp tục ghi nhận phiên thứ ba tăng điểm liên tiếp. Kết phiên, chỉ số tăng 6,84 điểm (tương đương 0,61%) lên 1.125 điểm. Thanh khoản tiếp tục duy trì mức cao so với với phiên giao dịch trước với giá trị giao dịch trên HOSE đạt 18.635 tỷ đồng.', 'Thị trường cân bằng trở lại, giao dịch khối ngoại phiên lại trở nên ảm đạm khi họ bán ròng 429 tỷ đồng trên toàn thị trường. Ngược chiều, tự doanh CTCK quay đầu mua ròng hơn 80 tỷ đồng.', 'T\ufeffrên sàn HoSE, tự doanh CTCK ghi nhận mua ròng 30 tỷ đồng , trong đó bán ròng 13 tỷ đồng trên kênh khớp lệnh, và mua ròng 43 tỷ tại kênh thoả thuận.', 'Cụ thể, tự doanh CTCK mua ròng mạnh nhất tại BCM trên sàn HoSE với giá trị 23 tỷ đồng; theo sau, OCB, VCB, CCQ FUEVFVND, VNM được mua ròng trên 10 tỷ đồng mỗi mã.', 'Chiều ngược lại, nhóm CTCK tập trung bán ròng tại cổ phiếu ngân hàng STB với giá trị khoảng 18 tỷ đồng, MWG cũng bị bán 44 tỷ đồng.', 'Trên HNX, tự doanh CTCK mua ròng nhẹ 4 tỷ đồng , chủ yếu mua mạnh nhất tại mã PVS với giá trị 6 tỷ đồng.', 'Trên UPCoM, tự doanh CTCK ghi nhận mua ròng khá mạnh 47 tỷ đồng, trong đó cổ phiếu VOC được mua mạnh nhất trên cả 3 sàn với giá trị gần 39 tỷ đồng.']"
2023-06-22T14:56:00,"Vừa tung 1.300 tỷ đồng để trở thành cổ đông lớn, tổ chức nước ngoài tiếp tục muốn gom thêm cổ phần Sotrans (STG)","Tạm tính theo thị giá trên sàn, PSA Cargo Solutions Vietnam Investment Pte. Ltd sẽ cần chi 244 tỷ đồng để hoàn tất giao dịch.",https://cafef.vn/vua-tung-1300-ty-dong-de-tro-thanh-co-dong-lon-to-chuc-nuoc-ngoai-tiep-tuc-muon-gom-them-co-phan-sotrans-stg-188230622145622092.chn,"['Trong thông báo mới nhất, CTCP Kho vận Miền Nam (Sotrans, mã: STG) đã công bố thông tin nhận được hồ sơ đề nghị chào mua công khai của PSA Cargo Solutions Vietnam Investment Pte. Ltd.', 'Tổ chức đến từ Singapore đã đăng ký chào mua hơn 5 triệu cổ phiếu STG, qua đó để tăng tỷ lệ sở hữu tại Sotrans từ 24,9% lên 30,0% vốn.', 'Tạm tính theo thị giá của cổ phiếu STG trên sàn là 48.800 đồng/cp thì PSA Cargo Solutions Vietnam Investment Pte. Ltd sẽ cần chi 244 tỷ đồng để hoàn tất giao dịch trên.', 'Trước đó, phiên giao dịch 19/5, PSA Cargo Solutions Vietnam Investment đã bất ngờ mua vào gần 24,5 triệu cổ phiếu STG, tương đương 24,9% vốn điều lệ và trở thành cổ đông lớn. Tổ chức này không sở hữu cổ phiếu STG nào trước giao dịch và cũng không có cá nhân/ tổ chức liên quan trực tiếp tới công ty. Giá bình quân ước tính là 52.520 đồng/cp. Như vậy sau hơn 1 tháng, khoản đầu tư này tạm lỗ 91 tỷ đồng.', 'Chiều ngược lại, từ 19/5 đến 16/6, CTCP Giao nhận và Vận chuyển Indo Trần - công ty mẹ của Sotrans đã bán hơn 24,46 triệu trong tổng số đăng ký 29,48 triệu cổ phiếu STG nhằm giảm sở hữu từ 98,31% về còn 74,03% vốn điều lệ.', 'Động thái tiếp tục gom thêm cổ phần STG của tổ chức ngoại được công bố khi Sotrans vừa tổ chức ĐHĐCĐ thường niên 2023. Tại đại hội, ông Trần Tuấn Anh, Chủ tịch HĐQT cho biết Sau gần hai năm đàm phán, PSA - nhà khai thác cảng hàng đầu thế giới đã trở thành cổ đông chiến lược của Sotrans. Công ty nhận thấy nhiều cơ hội phát triển về lĩnh vực cảng biển cũng như logistic sau khi hợp tác với PSA', '“Trong các năm tới, cơ hội đầu tư của Sotrans sẽ rất nhiều và sẽ trở thành một đơn vị có ưu thế và quan trọng tại Việt Nam. Doanh nghiệp mong muốn các cổ đông đồng hành cùng ban quản trị trong các chặng đường phát triển tiếp theo và cây sẽ cho trái ngọt sớm trong dài hạn và ổn định”, ông Tuấn Anh chia sẻ.', 'Cũng trong lần đại hội này, cổ đông đã thông qua bổ sung thêm hai thành viên từ 5 lên 7 người trong HĐQT nhiệm kỳ năm 2023 – 2028. Hai thành viên mới là ông Phay WenFu Daniel và bà Seow Hwee, đều đang công tác tại PSA Cargo Solutions Vietnam Investment.', 'Về tình hình kinh doanh, cổ đông Sotrans thông qua kế hoạch kinh doanh năm 2023 với mục tiêu doanh thu đạt gần 3.181 tỷ đồng và lợi nhuận sau thuế hơn 400 tỷ đồng, lần lượt tăng 21% và 60% so với thực hiện năm ngoái. Nếu hoàn thành kế hoạch, đây sẽ là mức lợi nhuận cao thứ 2 trong lịch sử hoạt động của Sotrans sau năm 2017 lãi đột biến nhờ doanh thu tài chính.']"
2023-06-22T14:09:00,LDG muốn huy động 2.200 tỷ từ các nhà đầu tư chứng khoán chuyên nghiệp để đầu tư bất động sản và cơ cấu nợ,Giá chào bán tối thiếu trong phương án phát hành riêng lẻ cao gần gấp đôi so với thị giá LDG trên thị trường.,https://cafef.vn/ldg-muon-huy-dong-2200-ty-tu-cac-nha-dau-tu-chung-khoan-chuyen-nghiep-de-dau-tu-bat-dong-san-va-co-cau-no-188230622141006745.chn,"['CTCP Đầu tư LDG (mã LDG) đã công bố tài liệu ĐHĐCĐ thường niên 2023 lần 2 dự kiến diễn ra theo hình thức trực tuyến vào chiều ngày 22/6.', 'Tại Đại hội, HĐQT LDG dự kiến sẽ trình cổ đông phương án chào bán riêng lẻ 220 triệu cổ phiếu (tỷ lệ 85,87%) cho nhà đầu tư chứng khoán chuyên nghiệp với giá không thấp hơn 10.000 đồng/cp. Cổ phiếu chào bán riêng lẻ sẽ bị hạn chế chuyển nhượng một năm kể từ ngày kết thúc đợt phát hành.', 'Số tiền hơn 2.200 tỷ đồng dự kiến thu về từ đợt phát hành sẽ được LDG dùng để góp vốn đầu tư vào dự án Khu du lịch biển Bãi Bụt - Sơn Trà (LDG Đà Nẵng) thông qua hợp tác với CTCP Hải Duy; Đồng thời dùng để đầu tư dự án Khu chung cư Lô C1 - Khu đô thị mới Bình Nguyên (LDG Sky); Đầu tư mua cổ phần các công ty trong ngành bất động sản phù hợp với chiến lược của LDG; Cơ cấu các khoản nợ của công ty bao gồm nợ trái phiếu và nợ vay tại ngân hàng.', 'Bên cạnh đó, LDG còn có kế hoạch phát hành 12,8 triệu cổ phiếu (tỷ lệ 5% tổng lượng cổ phiếu lưu hành) theo chương trình ESOP. Nguồn vốn thực hiện trích từ lợi nhuận sau thuế chưa phân phối năm 2022. Cổ phiếu ESOP sẽ bị hạn chế chuyển nhượng tối thiểu một năm kể từ ngày phát hành.', 'Nếu thực hiện thành công cả 2 phương án phát hành trên, LDG sẽ nâng vốn điều lệ từ gần 2.570 tỷ lên xấp xỉ 4.900 tỷ đồng. Thời gian thực hiện dự kiến trong năm 2023 sau khi được Uỷ ban Chứng khoán Nhà nước chấp thuận.', 'Trên thị trường, LDG đang giao dịch quanh vùng giá cao nhất từ đầu năm khoảng 5.000 đồng/cp. Tuy nhiên, mức thị giá này chỉ bằng khoảng một nửa so với giá chào bán tối thiếu trong phương án phát hành riêng lẻ.', 'Về kế hoạch kinh doanh năm 2023, LDG sẽ trình cổ đông mục tiêu doanh thu thuần năm 2023 là 1.448 tỷ đồng và lợi nhuận sau thuế 3,9 tỷ đồng. Mục tiêu khiêm tốn này lại trở nên xa vời sau khi LDG lỗ gần 70 tỷ đồng trong quý đầu năm. Đây đã là quý thứ 2 liên tiếp doanh nghiệp bất động sản này báo lỗ.', 'Ngoài ra, cũng tại Đại hội lần này, LDG sẽ trình cổ đông thông qua việc miễn nhiệm chức danh thành viên HĐQT đối với ông Lê Văn Vũ, ông Ngô Ngọc Huyên và ông Louis Nguyễn đồng thời bầu ông Nguyễn Quang Ninh vào HĐQT.']"
2023-06-22T10:04:00,Egroup của Shark Thuỷ sắp bị công ty chứng khoán bán giải chấp hơn 18% vốn Apax Holdings (IBC),BVSC dự kiến bán 15 triệu cổ phiếu IBC từ ngày 22/6 đến 12/7/2023.,https://cafef.vn/egroup-cua-shark-thuy-sap-bi-cong-ty-chung-khoan-ban-giai-chap-hon-18-von-apax-holdings-ibc-188230622100508301.chn,"['Trong thông báo mới nhất, Chứng khoán Bảo Việt (BVSC) đã công bố về việc thực hiện bán chứng khoán cầm cố của khách hàng là người có liên quan của người nội bộ đối với cổ phiếu Apax Holdings (IBC) do Tập đoàn Giáo dục Egroup sở hữu.', 'Cụ thể, BVSC dự kiến bán 15 triệu cổ phiếu IBC tương đương khoảng 18% vốn của Apax Holdings. Thời gian giao dịch dự kiến từ ngày 22/6 đến 12/7/2023. Phương thức giao dịch thông qua khớp lệnh hoặc thỏa thuận.', 'Egroup là tổ chức có liên quan tới ông Nguyễn Ngọc Thủy (Shark Thủy), Chủ tịch HĐQT IBC. Trong vòng gần 1 năm trở lại đây, tổ chức này đã bị CTCK bán giải chấp hàng chục triệu cổ phiếu trong bối cảnh giá IBC quay đầu lao dốc.', 'Khó khăn bắt đầu xảy ra trong hệ sinh thái Egroup của khi nhiều trung tâm Apax Leaders - Apax English gặp khủng hoảng nợ lương giáo viên, chậm thanh toán lãi và gốc cho nhà đầu tư, chậm bồi thường học phí cho phụ huynh khi đóng cửa chi nhánh. Là doanh nghiệp niêm yết duy nhất trong hệ sinh thái, cổ phiếu IBC nhanh chóng gặp áp lực bán mạnh. Không chỉ Egroup, Shark Thủy cũng đã liên tục bị các công ty chứng khoán bán giải chấp. Ông Thủy vào thời điểm cuối năm 2022 còn nắm hơn 5 triệu cổ phiếu IBC tương ứng 6,174% vốn.', 'Trong khi đó tính tới thời điểm đầu tháng 4/2023, Tập đoàn Egroup đã không còn là công ty mẹ của Apax Holdings khi lượng nắm giữ chỉ chưa tới 29 triệu cổ phiếu tương ứng tỷ lệ 34,81%. Nếu BVSC bán giải chấp lượng cổ phiếu theo dự kiến, Egroup sẽ chỉ còn nắm 14 triệu cổ phiếu IBC, tương ứng tỷ lệ khoảng 17% vốn.', 'Cổ phiếu IBC bị hạn chế giao dịch, Apax Holdings lên tiếng', 'Với cổ phiếu IBC, mã chứng khoán này đã bị HoSE chuyển từ kiểm soát sang diện hạn chế giao dịch kể từ 23/5/2023. Nhà đầu tư IBC chỉ có thể giao dịch cổ phiếu trong phiên chiều của ngày giao dịch. Chốt phiên 21/6, thị giá IBC đạt 2.580 đồng/cp.', 'Apax Holdings sau đó đã văn bản giải trình về việc khắc phục tình trạng chứng khoán bị hạn chế giao dịch. Công ty cho biết, trong thời gian vừa qua, việc quản trị nội bộ đã phát sinh một số vấn đề. Tình hình hoàn thiện báo cáo của CTCP Anh Ngữ Apax đang gặp một số khó khăn do thiếu nhân sự và trong quá trình tài cấu trúc làm ảnh hưởng đến tiến độ hoàn thành BCTC năm 2022 của IBC.', 'Hiện tại, IBC đang phối hợp chặt chẽ với đơn vị kiểm toán để hoàn thành BCTC năm 2022 trong thời gian sớm nhất.', 'Đồng thời IBC cam kết sẽ thực hiện công bố thông tin BCTC năm 2022 ngay sau khi phát hành, song song với việc thực hiện công bố đối với Báo cáo thường niên năm 2022 và BCTC tự lập quý 1/2023 theo đúng quy định. Trong năm 2024, IBC cho biết sẽ nghiêm chỉnh chấp hành quy định về việc công bố BCTC năm 2023 đúng thời hạn.']"
2023-06-22T08:05:00,Một doanh nghiệp bất động sản muốn chào bán riêng lẻ 100 triệu cổ phiếu với giá cao hơn gấp đôi thị giá,Số tiền huy động dự kiến 1.000 tỷ đồng chủ yếu sẽ được dùng để góp thêm vốn vào công ty con nhằm mở rộng quỹ đất.,https://cafef.vn/mot-doanh-nghiep-bat-dong-san-muon-chao-ban-rieng-le-100-trieu-co-phieu-voi-gia-cao-hon-gap-doi-thi-gia-188230622080544918.chn,"['CTCP Victory Capital (mã PTL) thông qua kế hoạch phát hành cổ phiếu riêng lẻ, số tiền huy động dự kiến dùng chủ yếu để mở rộng quỹ đất. Theo phương án, doanh nghiệp dự kiến sẽ chào bán riêng lẻ 100 triệu cổ phiếu với giá 10.000 đồng/cổ phiếu để huy động 1.000 tỷ đồng. Nếu thành công, Victory Capital sẽ nâng vốn điều lệ gấp đôi lên 2.000 tỷ đồng.', 'Với số tiền huy động được, Victory Capital dự kiến sẽ (1) góp thêm 700 tỷ đồng vào công ty con là CTCP Đầu tư Bất động sản Tiến Phát Đạt, nâng vốn điều lệ từ 50 tỷ đồng lên 750 tỷ đồng (2) góp thêm 250 tỷ đồng vào công ty con là CTCP Đầu tư Bất động sản Phúc Khang Gia, tăng vốn điều lệ từ 50 tỷ đồng lên 300 tỷ đồng. Mục đích đều đầu tư mở rộng quỹ đất, thời gian góp vốn dự kiến đều trong quý 3 hoặc quý 4/2023. Còn lại 50 tỷ đồng sẽ bổ sung vốn lưu động.', 'Theo nghị quyết của Victory Capital, danh sách nhà đầu tư mua trong đợt phát hành riêng lẻ dự kiến 5 người. Trong đó, chỉ có duy nhất bà Trần Thị Hường đang nắm giữ cổ phiếu PTL trước đợt chào bán riêng lẻ. Còn lại, CTCP Grand House, CTCP KoKo Capital, ông Lê Thế Tình và ông Trần Ngọc Minh Trí đều chưa sở hữu cổ phiếu PTL nào.', 'Grand House và KoKo Capital dự kiến sẽ là cổ đông chiến lược của Victory Capital, nắm giữ lần lượt 15% và 10% cổ phần. Trong khi đó, 2 cá nhân là ông Lê Thế Tình và ông Trần Ngọc Minh Trí sẽ tham gia với tư cách nhà đầu tư chứng khoán chuyên nghiệp, dự kiến sở hữu lần lượt 12,38% và 11,25% vốn tại doanh nghiệp này.', 'Cổ phiếu phát hành bị hạn chế chuyển nhượng 3 năm đối với nhà đầu tư chiến lược và 1 năm đối với nhà đầu tư chứng khoán chuyên nghiệp, dự kiến triển khai trong quý 3 hoặc quý 4/2023, sau khi được Uỷ ban Chứng khoán Nhà nước chấp thuận.', 'Trên thị trường, cổ phiếu PTL hiện đang dừng ở mức 4.220 đồng/cp, tăng 20% trong một tháng trở lại đây nhưng chưa bằng một nửa so với giá chào bán riêng lẻ. Cổ phiếu này còn đang trong diện cảnh báo của HoSE do lợi nhuận sau thuế thuộc về cổ đông công ty mẹ và lợi nhuận sau thuế chưa phân phối là số âm.']"
2023-06-22T08:00:00,Chứng khoán khởi sắc với tín hiệu Golden Cross,"Nhiều chuyên gia kỳ vọng chứng khoán Việt Nam đang bước vào một chu kỳ tăng trưởng mới. Thực tế, thị trường trong vài tuần trở lại đây có nhiều dấu hiệu khởi sắc trở lại, đặc...",https://cafef.vn/chung-khoan-khoi-sac-voi-tin-hieu-golden-cross-188230621234314609.chn,"['Tận dụng lãi suất margin 9%, gia tăng lợi nhuận tối đa', 'Theo ông Matthew Smith, Giám đốc nghiên cứu khối khách hàng tổ chức, Công ty chứng khoán Yuanta Việt Nam, thị trường chứng khoán đang có nhiều tín hiệu tốt, cụ thể là đã xuất hiện tín hiệu Golden Cross. ""Đường MA50 của VNIndex đã vượt lên trên đường MA200 vào thứ Năm. Chúng tôi coi đây là tín hiệu chắc chắn về sự bứt phá trong hai tuần qua – mặc dù có một đợt bán tháo tiêu cực vào cuối ngày thứ Sáu, dường như đây là phản ứng bán theo tin đối với thông báo cắt giảm lãi suất điều hành mới nhất của NHNN. Quá khứ không phải lúc nào cũng lặp lại, nhưng sau khi tín hiệu giao cắt vàng (Golden Cross) của VNIndex xuất hiện (vào tháng 09/2020), thị trường đã tăng +68% trong vòng 15 tháng tiếp theo"", ông Matthew Smith cho biết.', 'Để tận dụng những lợi thế tích cực của thị trường, nhằm gia tăng tài sản tối đa, nhiều nhà đầu tư đã lên phương án tìm kiếm các công ty chứng khoán có chương trình ưu đãi lãi suất cho vay ký quỹ hấp dẫn. Trong đó, lợi thế đang thuộc về Chứng khoán Yuanta Việt Nam khi triển khai chương trình ưu đãi lãi suất margin 9% ổn định và lâu dài trong suốt 3 tháng. ', 'Với chương trình ưu đãi lãi suất margin 9.0%/năm trong 3 tháng, Yuanta Việt Nam mang đến cho nhà đầu tư cơ hội tận dụng vốn vay ký quỹ để gia tăng nguồn vốn đầu tư vào thị trường chứng khoán. Thêm vào đó, lãi suất ổn định trong suốt 3 tháng giúp nhà đầu tư chủ động trong việc kiểm soát tốt chi phí vay, tận dụng nguồn vốn vay để đầu tư sinh lời khi thị trường có dấu hiệu tăng trở lại.', 'Chương trình ưu đãi vay ký quỹ 9.0% của Yuanta Việt Nam dành cho tất cả khách hàng mở tài khoản ký quỹ trong thời gian diễn ra chương trình, từ ngày 24/04/2023 đến hết 24/07/2023. Sau khi kết thúc thời gian ưu đãi này, khách hàng sẽ được áp dụng theo quy định ưu đãi lãi suất của công ty.', 'Chọn ngành nào, cổ phiếu nào để đầu tư?', 'Theo các chuyên gia phân tích đến từ Chứng khoán Yuanta Việt Nam, ngành năng lượng, cụ thể là nhiệt điện than đang gặp ""thiên thời"". Bởi mực nước các hồ thủy điện thấp do El Nino đã dẫn đến tình trạng thiếu điện nghiêm trọng ở miền Bắc, với mức thiếu hụt lên tới 2,7 GW. Điều này tạo ra tiềm năng đầu tư cho các doanh nghiệp sản xuất nhiệt điện, vì sản lượng nhiệt điện than và khí không bị ảnh hưởng bởi thời tiết. Trong số đó, POW là một lựa chọn hàng đầu được khuyến nghị bởi Chứng khoán Yuanta Việt Nam.', 'Bên cạnh đội ngũ phân tích chuyên sâu, để hỗ trợ suốt quá trình đầu tư, Chứng khoán Yuanta Việt Nam cung cấp một hệ sinh thái các sản phẩm và ứng dụng đa dạng, giúp nhà đầu tư nắm bắt thông tin thị trường, phân tích và đưa ra quyết định đầu tư hiệu quả. Hệ sinh thái này không chỉ dành cho nhà đầu tư mới gia nhập thị trường mà còn hỗ trợ cả nhà đầu tư lâu năm bao gồm YSflex (hệ thống tối ưu trải nghiệm giao dịch chứng khoán),YSinvest (nền tảng giao dịch trực tuyến tích hợp nhiều tính năng), YSradar (công cụ đánh giá và chọn lọc cổ phiếu), YSwealth (công cụ quản lý tài sản), YSuri (môi giới trực tuyến 24/7), YSlive (kênh livestream trên Facebook/Youtube cập nhật tin tức vĩ mô, phân tích cổ phiếu hàng ngày), YSedu (khóa học chứng khoán miễn phí từ A-Z). Các dịch vụ và công cụ này đã giúp hàng ngàn nhà đầu tư làm chủ kiến thức và đạt được lợi nhuận từ đầu tư chứng khoán nhanh chóng.', 'Nổi bật trong hệ sinh thái của Chứng khoán Yuanta Việt Nam là ứng dụng mới ra mắt YSflex, mang đến trải nghiệm đầu tư cho cả nhà đầu tư mới gia nhập thị trường và những nhà đầu tư lâu năm. Với sự tích hợp công nghệ tiên tiến, YSflex cung cấp dữ liệu thời gian thực, tin tức và thông tin thị trường liên tục, giúp nhà đầu tư nắm bắt thông tin mới nhất và đưa ra quyết định đúng lúc. Các công cụ phân tích mạnh mẽ như báo cáo nghiên cứu, biểu đồ kỹ thuật và chỉ số phân tích giúp nhà đầu tư có cái nhìn rõ ràng và chi tiết về xu hướng thị trường và tiềm năng đầu tư.', 'Hãy cùng Yuanta Việt Nam khám phá và tận dụng cơ hội đầu tư chứng khoán hiệu quả với chương trình ưu đãi lãi suất 9% trong 3 tháng, và hướng đến một tương lai tài chính thịnh vượng.', 'Với cam kết đồng hành và phát triển bền vững cùng khách hàng, Yuanta Việt Nam liên tục cung cấp các sản phẩm và dịch vụ tài chính vượt trội, đáp ứng nhu cầu đa dạng của nhà đầu tư. Để biết thêm thông tin chi tiết, khách hàng có thể liên hệ với nhân viên quản lý tài khoản hoặc trung tâm chăm sóc khách hàng qua số điện thoại (+84) 28 3622 6868, nhấn phím 1 hoặc gửi email tới customer.service@yuanta.com.vn.']"
2023-06-22T07:41:00,"Cổ phiếu nông nghiệp đồng loạt ""nổi sóng"" từ một chất xúc tác ""lạ"", có mã tăng bốc 60% sau vài tháng",Giá hàng hoá lương thực liên tục tăng cao do hiện tượng El Nino ảnh hưởng đến nguồn cung. Nhóm cổ phiếu lĩnh vực nông nghiệp trên thị trường chứng khoán cũng diễn biến khởi...,https://cafef.vn/co-phieu-nong-nghiep-dong-loat-noi-song-tu-mot-chat-xuc-tac-la-co-ma-tang-boc-60-sau-vai-thang-188230622074145338.chn,"['Mức giá lương thực toàn cầu duy trì ở mức cao những tháng đầu năm 2023. Không ngoài xu hướng, giá các mặt hàng nông sản như gạo, sắn hay thịt lợn tại Việt Nam đang liên tục tăng và neo tại vùng đỉnh. Giá gạo xuất khẩu ghi nhận tăng lên mức đỉnh hơn hai năm đạt 498 USD/tấn, giá lợn hơi tăng mạnh trở lại từ đầu quý 2 trong khi giá sắn cũng có thể sẽ tiếp tục tăng trong thời gian tới khi nhu cầu về sắn tại Trung Quốc cao.', 'Hưởng ứng đà tăng của giá hàng hoá, nhóm cổ phiếu lĩnh vực nông nghiệp trên thị trường chứng ghi nhận diễn biến tương đối khả quan trong vài tháng trở lại đây. Tại nhóm gạo, PAN tăng 21% từ thời điểm cuối tháng 3, TAR của Trung An tăng hơn 31%, LTG của Lộc Trời tăng gần 16% sau khoảng 3 tháng. Với nhóm đường, cổ phiếu QNS tăng một mạch 32% từ cuối tháng 3, SBT của Thành Thành Công - Biên Hoà tăng hơn 19%, SLS thì tăng 19%.', 'Tại nhóm sắn, mã CAP của Nông sản Yên Bái tăng 21% từ đầu tháng 3 lên mức 67.500 đồng/cp, APF tăng hơn 8% lên 63.500 đồng/cp. Nhóm doanh nghiệp nuôi lợn ghi nhận HAG tăng 10% từ cuối tháng 3, thậm chí mã DBC tăng tới 59% chỉ sau 3 tháng.', 'Hiện tượng Elnino đẩy giá lương thực neo cao', 'Giá lương thực leo thang có ảnh hưởng không nhỏ từ lo ngại về điều kiện thời tiết phức tạp El Nino trong năm 2023. Hiện tượng thời tiết cực đoan El Nino được cho có nhiều khả năng gây hạn hán nghiêm trọng, đe dọa nguồn cung lương thực trên toàn cầu. Đây là nguyên nhân hàng đầu đẩy giá cả hàng hoá lên cao.', 'Riêng tại Việt Nam, các thương nhân cho biết giá lúa trong nước tăng do nguồn cung khan hiếm và lo ngại về hiện tượng thời tiết El Nino ảnh hưởng đến triển vọng sản xuất.', 'Trong báo cáo mới đây, Agriseco Research đánh giá mặc dù đã hạ nhiệt nhưng mặt bằng giá hàng hóa vẫn đang cao hơn mức trước đại dịch Covid 19.', 'Agriseco Research dự phóng giá đường có thể tiếp tục xu hướng tăng và duy trì mức cao bởi nguồn cung đường toàn cầu bị thắt chặt. Bên cạnh đó, chính sách áp thuế với đường Thái Lan tiếp tục hỗ trợ ngành đường trong nước.', 'Đối với giá heo, Agriseco Research cho rằng giá heo có thể tiếp tục xu hướng phục hồi lên vùng 60.000 – 70.000 đ/kg bởi nguồn cung sụt giảm mạnh khi nhiều hộ chăn nuôi cá thể đã treo chuồng sau thời gian dài thua lỗ. Đồng thời, ngành du lịch, dịch vụ phục hồi là động lực giúp cho nhu cầu tiêu thụ thịt heo tăng lên hỗ trợ đà tăng của giá heo. Dịch tả lợn Châu Phi diễn biến phức tạp có thể ảnh hưởng tới nguồn cung trên thị trường.', 'Tương tự, theo đánh giá của Chứng khoán KIS, nhiều yếu tố tiêu cực đã đổi chiều. Cụ thể, các nước như Trung Quốc, Indonesia, Philippines tăng cường nhập khẩu gạo để bù đắp cho kho lương thực dự trữ quốc gia của họ. Nhờ đó, dự đoán kim ngạch xuất khẩu gạo sẽ tăng nhẹ trong quý 2 năm nay', 'Trong khi đó, việc Trung Quốc mở cửa trở lại hứa hẹn sự phục hồi xuất khẩu rau quả như sầu riêng hay khoai lang. Các nhà xuất khẩu hạt điều và chè cũng đang trông đợi doanh số bán hàng phục hồi ở thị trường Trung Quốc và Hồng Kông sau khi chính sách zero-COVID-19 được nới lỏng.', 'Với việc cắt giảm quy mô của các nhà xuất khẩu cà phê Arabica lớn nhất là Brazil và Colombia do thời tiết khắc nghiệt, Việt Nam đang có cơ hội đẩy mạnh xuất khẩu cà phê Robusta thô. Bất chấp yêu cầu cao về chất lượng từ thị trường Trung Quốc, Việt Nam có thể gián tiếp tăng xuất khẩu hạt cà phê thô sang thị trường này thông qua các doanh nghiệp chế biến cà phê toàn cầu, như EU và Hoa Kỳ.', 'Với nhóm chăn nuôi, nhiều cơ sở đã thu hẹp quy mô hoặc rời bỏ thị trường sau thời gian lỗ kéo dài. Chứng khoán KIS kỳ vọng giá nguồn cung thức ăn chăn nuôi giảm sẽ giúp phục hồi giá thịt lợn và gia cầm. Tuy nhiên cần lưu ý chi phí tiện ích và chi phí lãi vay sẽ vẫn ở mức cao.', 'Ảnh hưởng đến sự phục hồi của nền nông nghiệp', 'Dù vậy, cần nhấn mạnh rằng thời tiết nóng và khô do El Nino gây ra trong thời gian dài sẽ gây khó khăn cho các nhà sản xuất lương thực. Chương trình Lương thực Thế giới (WFP) đã đưa ra cảnh báo thế giới tiếp tục đối mặt với ""cuộc khủng hoảng đói và dinh dưỡng lớn nhất trong lịch sử hiện đại"" do xung đột, biến đổi khí hậu và các cú sốc kinh tế gây ra.', 'El Nino cũng sẽ làm thay đổi nhiệt độ trên các đại dương, kéo theo đó là các mô hình lượng mưa sẽ bị “đảo lộn”. Lượng mưa sẽ bị thiếu hụt đồng nghĩa với việc gieo trồng sẽ trở nên khó khăn hơn. Năng suất cây trồng cũng sẽ thấp hơn. Vì vậy, El Nino sẽ ảnh hưởng mạnh tới doanh thu của cả ngành nông nghiệp.']"
2023-06-22T07:28:00,Lịch sự kiện và tin vắn chứng khoán ngày 22/6,Tổng hợp toàn bộ tin vắn nổi bật liên quan đến doanh nghiệp niêm yết trên hai sàn chứng khoán.,https://cafef.vn/lich-su-kien-va-tin-van-chung-khoan-ngay-22-6-188230622072521918.chn,"['Tin doanh nghiệp', 'BCM - Tổng CTCP Đầu tư Phát triển Công nghiệp – Đã thông qua việc phát hành riêng lẻ trái phiếu năm 2023 với tổng mệnh giá tối đa 2.000 tỷ đồng.', 'CTR - Tổng CTCP Công trình Viettel – Đã thông qua việc điều chỉnh phương án phát hành cổ phiếu trả cổ tức năm 2022. Theo đó, CTR sẽ phát hành hơn 24,6 triệu cổ phiếu, với tỷ lệ 100.000:21.509 (cổ đông sở hữu 100.000 cổ phiếu được nhận 21.509 cổ phiếu).', 'ADG - CTCP Clever Group - FSN ASIA Private Ltd, tổ chức có liên quan đến ông Lee SangSeok – Thành viên HĐQT nhận chuyển nhượng hơn 8,56 triệu cổ phiếu ADG từ ngày 23/6 đến 21/7 do sáp nhập doanh nghiệp.', 'DAG - CTCP Tập đoàn Nhựa Đông Á – Đã thông qua phương án phát hành 750.000 cổ phiếu ESOP từ nguồn thặng dư vốn cổ phần. Số cổ phiếu này sẽ bị hạn chế chuyển nhượng 100% trong vòng 02 năm.', 'TLG - CTCP Tập đoàn Thiên Long - Ngày 23/6 là ngày giao dịch không hưởng quyền nhận cổ tức còn lại năm 2022 và tạm ứng đợt 1 năm 2023 ngày đăng ký cuối cùng là 24/6. Theo đó, cổ tức sẽ được trả bằng tiền mặt theo tỷ lệ tổng cộng 20%, thanh toán bắt đầu từ ngày 05/7/2023.', 'DTT - CTCP Kỹ nghệ Đô Thành - Ngày 04/7 là ngày giao dịch không hưởng quyền nhận cổ tức năm 2022 ngày đăng ký cuối cùng là 05/7. Theo đó, cổ tức sẽ được trả bằng tiền mặt theo tỷ lệ 8%, thanh toán bắt đầu từ ngày 20/7/2023.', 'CEO - CTCP Tập đoàn C.E.O – Đã thông qua phương án phát hành hơn 5,14 triệu cổ phiếu ESOP, với giá 10.000 đồng/cổ phiếu. Số cổ phiếu sẽ bị hạn chế chuyển nhượng trong vòng 01 năm.', 'PCH - CTCP Nhựa Picomat – Đã thông qua việc mua 3,6 triệu cổ phần của các cổ đông của CTCP Đầu tư và Quản lý tài sản PCLand, với giá 50,4 tỷ đồng. Thời gian thực hiện trong tháng 6/2023.', 'PSI - CTCP Chứng khoán Dầu khí – Đã thông qua phương án phát hành 300 trái phiếu không chuyển đổi, không có bảo đảm, giá phát hành bằng mệnh giá là 100 triệu đồng/trái phiếu, kỳ hạn 12 tháng. Thời gian thực hiện dự kiến trong tháng 6/2023.', 'VNR - Tổng CTCP Tái bảo hiểm Quốc gia Việt Nam – Đã thông qua phương án phát hành hơn 15,07 triệu cổ phiếu trả cổ tức năm 2022 theo tỷ lệ 100:10. Thời gian thực hiện dự kiến trong quý III/2023.', 'HAX - CTCP Dich vụ Ô tô Hàng Xanh - Ngày 22/6/2023 là ngày đăng ký cuối cùng để chốt danh sách nhận cổ tức bằng tiền và cổ phiếu năm 2022 tổng tỷ lệ 30% trong đó: Cổ tức bằng tiền tỷ lệ 5% (1 cổ phiếu được nhận 500 đồng). Ngày thanh toán là 20/7/2023; Cổ tức bằng cổ phiếu tỷ lệ 25% (cổ đông sở hữu 100 cổ phiếu được nhận thêm 25 cổ phiếu mới). Số lượng phát hành thêm là gần 18 triệu đơn vị.', 'DC2 - CTCP Đầu tư Phát triển - Xây dựng Số 2 - Ngày 23/6/2023 là ngày đăng ký cuối cùng để chốt danh sách nhận cổ tức bằng tiền năm 2022 tỷ lệ 5% (cổ đông sở hữu 100 cổ phiếu được nhận 5 cổ phiếu mới).', 'HSG - CTCP Tập đoàn Hoa Sen - Ngày 27/6/2023 là ngày đăng ký cuối cùng để chốt danh sách nhận cổ tức bằng cổ phiếu niên độ tài chính 2021 - 2022 tỷ lệ 3% (người sở hữu 100 cổ phiếu được nhận 3 cổ phiếu mới). Số lượng phát hành dự kiến là hơn 17,9 triệu đơn vị.', 'Kết quả giao dịch cổ phiếu của cổ đông', 'NLG - CTCP Đầu tư Nam Long - Vietnam Enterprise Investments Limited đã mua 575.000 cổ phiếu, nâng lượng sở hữu cả nhóm gồm 7 quỹ liên quan từ 34.323.728 cổ phiếu (tỷ lệ 8,93%) lên 34.898.728 cổ phiếu (tỷ lệ 9,08%). Giao dịch thực hiện ngày 16/6/2023.', 'STG - CTCP Kho vận Miền Nam - CTCP giao nhận và vận chuyển In do Trần đã bán 24.465.086 cổ phiếu trong tổng số 29.476.007 cổ phiếu đăng ký bán trước đó, giảm lượng sở hữu sau giao dịch xuống 72.738.021 cổ phiếu (tỷ lệ 74,03%). Giao dịch thực hiện từ 19/5 đến 16/6/2023.', 'MAC - CTCP Cung ứng và dịch vụ kỹ thuật hàng hải - Bà Phạm Thị Hồng Giang, Trưởng BKS, đã mua 1 triệu cổ phiếu, nâng lượng sở hữu sau giao dịch lên 2.750.000 cổ phiếu (tỷ lệ 18,16%). Giao dịch thực hiện từ 8/6 đến 14/6/2023.', 'SDA - CTCP Simco Sông Đà - Ông Vũ Đức Quân, Tổng Giám đốc, đã bán toàn bộ 1 triệu cổ phiếu (tỷ lệ 3,82%) đang sở hữu. Giao dịch thực hiện từ 1/6 đến 2/6/2023.', 'Giao dịch cổ phiếu của cổ đông', 'VNM - CTCP Sữa Việt Nam - F&N Dairy Investments Pte.Ltd đăng ký mua 20.899.554 cổ phiếu. Trước giao dịch F&N Dairy sở hữu 369.752.859 cổ phiếu (tỷ lệ 17,69%). Giao dịch dự kiến thực hiện từ 23/6 đến 21/7/2023.', 'BIC - Tổng CTCP Bảo hiểm ngân hàng đầu tư và phát triển Việt Nam - Fairfax Asia Limited đăng ký mua 1.424.410 cổ phiếu. Trước giao dịch Fairfax sở hữu 41.046.913 cổ phiếu (tỷ lệ 35%). Giao dịch dự kiến thực hiện từ 22/6 đến 23/6/2023.', 'HDC - CTCP Phát triển Nhà Bà Rịa - Vũng Tàu - Ông Phạm Văn Bảy, em rể ông Đoàn Hữu Thuận, Chủ tịch HĐQT Hodeco đăng ký mua vào 30.000 cổ phiếu để nâng sở hữu từ 15 cổ phiếu lên 30.015 cổ phiếu, tương ứng 0,02% vốn điều lệ, giao dịch dự kiến thực hiện từ 26/6 đến ngày 24/7.', 'TOP - CTCP Phân phối TOP One - Ông Nguyễn Ngọc Dưỡng, Ủy viên HĐQT, đăng ký bán 200.000 cổ phiếu trong tổng số 748.200 cổ phiếu (tỷ lệ 2,95%) đang sở hữu. Giao dịch dự kiến thực hiện từ 23/6 đến 21/7/2023.']"
2023-06-22T00:02:00,"Giá hàng hóa dự báo biến động mạnh trong nửa cuối năm, cổ phiếu ngành nào hưởng lợi?",Agriseco Research đánh giá một số hàng hoá sẽ có xu hướng hồi phục tích cực từ đây đến cuối năm 2023 và một số doanh nghiệp hưởng lợi.,https://cafef.vn/gia-hang-hoa-du-bao-bien-dong-manh-trong-nua-cuoi-nam-co-phieu-nganh-nao-huong-loi-188230621221949822.chn,"['Tại Việt Nam, kết quả kinh doanh nhiều ngành nghề đã và đang chịu ảnh hưởng bởi diễn biến giá hàng hóa, đặc biệt tại các ngành có cấu trúc chi phí nguyên vật liệu đầu vào lớn.', 'Trong báo cáo mới đây, Agriseco Research cho rằng giá hàng hóa có thể tiếp tục biến động khó lường trong phần còn lại của năm 2023 . Mặc dù đã hạ nhiệt nhưng mặt bằng giá hàng hóa vẫn đang cao hơn mức trước đại dịch Covid 19.', 'Trong nửa cuối năm 2023, Agriseco Research giá các loại hàng hóa có thể biến động trái chiều nhưng nhìn chung sẽ tiếp tục trong xu hướng giảm khi nền kinh tế toàn cầu đang ảm đạm và đối diện với nguy cơ suy thoái.', 'Dưới đây là một số mặt hàng được Agriseco Research đánh giá sẽ có xu hướng hồi phục tích cực từ đây đến cuối năm 2023 và một số doanh nghiệp hưởng lợi.', 'Đối với giá dầu Brent , dù giá dầu đang trên đà giảm do nguồn cung dư thừa và nhu cầu tiêu thụ giảm trong bối cảnh kinh tế toàn cầu khó khăn, song Agriseco Research cho rằng giá dầu có thể phục hồi khi OPEC cắt giảm sản lượng nhằm ổn định dầu .', 'Cụ thể vào tháng 4/2023 vừa qua, nhóm OPEC đã giảm sản lượng 310.000 thùng/ngày và tiếp tục cắt giảm 1,16 triệu thùng/ngày kể từ tháng 5/2023. Từ phía Nga, sản lượng dầu của quốc gia này trong tháng 4/2023 cũng đã giảm 290.000 thùng/ngày và có thể tiếp tục duy trì ở mức thấp trong các tháng còn lại năm 2023.', 'Khi giá dầu vẫn neo cao, Agriseco Research đánh giá tích cực cổ phiếu PVD . Đồng thời, PVD còn có lợi thế là một trong những doanh nghiệp thượng nguồn hưởng lợi sớm từ dự án Lô B – Ô Môn. Việc giá cho thuê giàn khoan tiếp tục neo cao cũng được kỳ vọng là yếu tố thúc đẩy lợi nhuận của PVD trong năm 2023.', 'Về giá đường , Agriseco Research cho rằng giá đường đang trong xu hướng tăng khá mạnh 1 năm trở lại đây khi dao động quanh mức 25 USD/lb, tăng khoảng 30% so với cùng kỳ. Giá đường có thể tiếp tục xu hướng tăng và duy trì mức cao bởi nguồn cung đường toàn cầu bị thắt chặt. USDA dự báo sản lượng đường dự trữ sẽ giảm 13% trong niên vụ 2022/2023 chủ yếu do sản lượng của cả Ấn Độ và Trung Quốc sụt giảm bởi tình hình thời tiết không thuận lợi.', 'Theo Agriseco Research, cổ phiếu QNS sẽ được hưởng lợi nhất từ xu hướng tăng của giá đường. Bên cạnh đó, chính sách áp thuế với đường Thái Lan hỗ trợ ngành đường trong nước, cộng thêm sản lượng đường tăng trưởng mạnh trong niên vụ 2022 – 2023 cũng là lợi thế lớn của doanh nghiệp này.', 'Đối với giá heo , sau giai đoạn duy trì ở vùng giá khá thấp khoảng 50.000 đ/kg những tháng cuối năm 2022 và đầu 2023, giá heo hơi đã có dấu hiệu phục hồi trở lại từ đầu tháng 5 và đang ở mức 60.000 đ/kg. Agriseco Research cho rằng giá heo có thể tiếp tục xu hướng phục hồi lên vùng 60.000 – 70.000 đ/kg bởi nguồn cung sụt giảm mạnh khi nhiều hộ chăn nuôi cá thể đã treo chuồng sau thời gian dài thua lỗ. Đồng thời, ngành du lịch, dịch vụ phục hồi là động lực giúp cho nhu cầu tiêu thụ thịt heo tăng lên hỗ trợ đà tăng của giá heo. Dịch tả lợn Châu Phi diễn biến phức tạp có thể ảnh hưởng tới nguồn cung trên thị trường.', 'Với kỳ vọng giá lợn hơi chạm đáy và dần hồi phục, Agriseco Research cho rằng cổ phiếu DBC sẽ có triển vọng tích cực. Khi hiện nay giá lợn hồi phục có thể tạo điều kiện thuận lợi để DBC có thể hoàn thành kế hoạch kinh doanh đề ra. Ngoài ra, phần điều chỉnh giảm doanh thu và LN từ mảng BDS trong năm 2022 có thể được ghi nhận trong năm 2023 qua đó hỗ trợ KQKD năm nay.', 'Giá thép thế giới có thể đi ngang trong nửa cuối năm 2023 bởi triển vọng kinh tế toàn cầu kém khả quan, thị trường BDS ở Trung Quốc vẫn ảm đạm. Đối với thị trường trong nước, tiêu thụ thép xây dựng trong Q2/2023 vẫn sẽ yếu do thị trường BDS đang gặp nhiều khó khăn.', 'Tuy nhiên, Agriseco Research đánh giá sản lượng tiêu thụ thép sẽ phục hồi rõ nét hơn kể từ cuối Q3/2023 nhờ (1) Chính phủ đã đưa ra các chính sách hỗ trợ thị trường BDS tập trung vào thảo gỡ những vướng mắc lớn nhất liên quan đến pháp lý và nguồn vốn; (2) Mặt bằng lãi suất hạ nhiệt. Mặc dù vậy, tốc độ phục hồi cả về sản lượng lẫn giá thép sẽ chậm do các chính sách hỗ trợ và mặt bằng lãi suất thấp cần thêm thời gian để thẩm thấu.', 'Với vị thế là doanh nghiệp ngành thép hàng đầu, nhóm phân tích cho rằng HPG sẽ được hưởng lợi khi (1) bắt đầu mở lại lò cao khi giai đoạn khó khăn nhất đã đi qua (2) nhu cầu tiêu thụ thép xây dựng có thể dần phục hồi kể từ Q3 (3) sản lượng xuất khẩu khả quan\ufeff.']"
2023-06-22T00:01:00,"""Cổ phiếu quốc dân"" Hòa Phát lên đỉnh một năm, liệu còn thích hợp để tích lũy dài hạn?","Cổ phiếu Hòa Phát vẫn là lựa chọn ưa thích của các quỹ đầu tư lớn, công ty chứng khoán, doanh nghiệp tay ngang và đặc biệt là nhà đầu tư cá nhân.",https://cafef.vn/co-phieu-quoc-dan-hoa-phat-len-dinh-mot-nam-lieu-con-thich-hop-de-tich-luy-dai-han-18823062122314207.chn,"['Thị trường chứng khoán tiếp đà hồi phục, nhóm thép cũng hòa chung không khí tưng bừng trong đó “anh cả” Hòa Phát (mã HPG) tăng mạnh 4% và đóng góp lớn nhất vào VN-Index phiên 21/6. Tính từ đầu tháng 6, cổ phiếu HPG đã tăng 16% qua đó leo lên mức cao nhất trong vòng một năm trở lại đây.', 'Với thị giá 24.600 đồng/cp, giá trị vốn hóa thị trường của Hòa Phát tương ứng ở mức trên 143.000 tỷ đồng, tăng gần 19.800 tỷ sau 3 tuần. Mức vốn hóa này đã đưa doanh nghiệp đầu ngành thép vượt qua VietinBank để leo lên xếp thứ 7 trong danh sách các cổ phiếu giá trị nhất toàn sàn chứng khoán.', 'Hòa Phát lên đỉnh một năm là tin vui với rất nhiều nhà đầu tư chứng khoán bởi HPG lâu nay vẫn được ví như “cổ phiếu quốc dân”. Từ các quỹ đầu tư lớn, công ty chứng khoán đến các doanh nghiệp tay ngang và đặc biệt là nhà đầu tư cá nhân đều rất ưa thích cổ phiếu này. Không ít nhà đầu tư lựa chọn HPG cho danh mục nắm giữ dài hạn.', 'Điển hình như Chứng khoán Trí Việt (TVB), đại diện công ty mới đây đã chia sẻ tại ĐHĐCĐ thường niên 2023: “Với mục tiêu đầu tư dài hạn, công ty xác định giá cổ phiếu HPG còn tiếp tục tăng nên vẫn tiếp tục nắm giữ” .', 'Đại diện TVB cho biết hoạt động kinh doanh của Hòa Phát ở thời điểm hiện tại đã có tín hiệu phục hồi tích cực so với quý 3 và quý 4/2022 với việc biên lợi nhuận gộp cải thiện và không còn chịu tổn thất lớn do chênh lệch tỷ giá.', 'Đội ngũ phân tích của TVB cho rằng, cổ phiếu HPG vẫn đang thấp hơn giá trị hợp lý và kỳ vọng sẽ tiếp tục tăng trong thời gian tới, nhờ vào các yếu tố gồm: (1) kết quả kinh doanh cải thiện khi chi phí nguyên liệu đầu vào là quặng sắt và than cốc đã giảm đáng kể so với cuối năm 2022; và (2) nhu cầu từ thị trường xây dựng và bất động sản về cuối năm 2023 nhiều khả năng sẽ phục hồi nhờ các chính sách giảm lãi suất cũng như các chính sách thúc đẩy đầu tư công của Chính phủ nhằm hỗ trợ thị trường.', 'Đồng quan điểm với TVB, Chứng khoán BSC cũng cho rằng mức định giá hiện tại của HPG phù hợp để tích lũy dài hạn với việc (1) thời điểm xấu nhất đã qua. (2) Hòa Phát là doanh nghiệp sở hữu chất lượng quản trị tốt, (3) Vị thế Hòa Phát sẽ gia tăng đáng kể sau khi Dung Quất 2 đi vào hoạt động.', 'Những tín hiệu tích cực', 'Thực tế, ngành thép nói chung cũng đang đón một số tín hiệu tích cực. Theo Hiệp hội Thép Việt Nam (VSA), sản lượng thép sản xuất trong tháng 5 đạt 2 triệu tấn, tăng 3,1% so với tháng trước. Sản lượng xuất khẩu thậm chí còn tăng trưởng ấn tượng 29,7% so với tháng trước, đạt 822,657 tấn, cao hơn gần 52% so với cùng kỳ năm ngoái.', 'Trong tháng 5, số lượng nhà xây mới tại Mỹ đã tăng mạnh 21,7% so với tháng trước và vượt xa dự báo của thị trường, phần nào cho thấy dấu hiệu ấm lên của thị trường bất động sản tại Mỹ. Đây cũng là tin đáng mừng với ngành thép bởi thị trường Mỹ chiếm hơn 10% quy mô xuất khẩu thép của Việt Nam.', 'Riêng với Hòa Phát, trong tháng 5, sản lượng bán các sản phẩm thép (thép xây dựng, thép cuộn cán nóng và phôi thép) của tập đoàn đạt 530.000 tấn, giảm 20% so với cùng kỳ năm ngoái nhưng tăng 16% so với tháng 4 trước đó. Đây cũng là mức tiêu thụ thép cao nhất của doanh nghiệp đầu ngành thép kể từ đầu năm.', 'Tiêu thụ thép hồi phục phần nào củng cố thêm cơ sở để các nhà sản xuất thép tái khởi động lại các lò cao đã đóng vào cuối năm ngoái khi thị trường ảm đạm. Không chỉ có Hòa Phát, Pomina cũng đã có kế hoạch mở lại lò cao, thậm chí còn dự định tăng vốn để bổ sung nguồn lực mở rộng sản suất kinh doanh.', 'Ngắn hạn vẫn còn nhiều thách thức', 'Không thể phủ nhận triển vọng tương đối lạc quan về dài hạn đối với ngành thép tuy nhiên những thách thức trong ngắn hạn cũng không ít. Sau khi có nhịp hồi phục mạnh từ đáy vào nửa đầu tháng 6, giá thép thanh vằn tại thị trường Trung Quốc đã quay đầu giảm trở lại trong khoảng hơn một tuần trở lại đây. Theo Agriseco, giá thép thế giới có thể đi ngang trong nửa cuối năm 2023 bởi triển vọng kinh tế toàn cầu kém khả quan, thị trường bất động sản ở Trung Quốc vẫn ảm đạm.', 'Đối với thị trường trong nước, nhu cầu có sự phục hồi từ đáy nhưng vẫn còn yếu đã gây áp lực lớn lên giá thép ngay cả trong giai đoạn giá mặt hàng này trên thế giới phục hồi. Giá thép xây dựng trong nước đã có 11 lần điều chỉnh giảm liên tiếp kể từ đầu tháng 4. Theo Agriseco, tiêu thụ thép xây dựng trong quý 2/2023 vẫn sẽ yếu do thị trường bất động sản vẫn còn nhiều khó khăn.', 'Tương tự, VNDirect cũng nhận định vẫn còn quá sớm để đánh giá thị trường bất động sản sẽ “rã đông” khi hiệu quả thực tế triển khai các chính sách vẫn còn bỏ ngỏ và nhiều điểm nghẽn chưa được giải quyết triệt để. Nhu cầu ảm đạm kéo dài của lĩnh vực xây dựng dân dụng nội địa sẽ tác động đáng kể đối với nhu cầu vật liệu xây dựng, dự báo tổng nhu cầu thép trong nước vẫn sẽ tăng trưởng âm một chữ số vào năm 2023.', 'Câu chuyện thúc đẩy giải ngân đầu tư công trong năm 2023 được kỳ vọng là cú huých cho sự tăng trưởng nhu cầu sắt thép phục vụ xây dựng, trong đó Hòa Phát là cái tên được hưởng lợi rõ rệt nhất trong nhóm thép. Tuy nhiên, VCBS cho rằng tỷ trọng tiêu thụ thép trong đầu tư công là không đáng kể, chỉ 10-15% và hiện nay tốc độ giải ngân vốn đầu tư công còn khá chậm, vì vậy kỳ vọng về tăng trưởng tiêu thụ sẽ khó hồi phục mạnh trong năm nay.']"
2023-06-21T19:58:00,"Lãnh đạo doanh nghiệp 'họ' FLC từ nhiệm, cổ phiếu bay màu","Tiếp nối tín hiệu đảo chiều hôm qua, VN-Index lại được kéo tăng mạnh cuối phiên hôm nay (21/6), hướng trở lại mốc 1.120 điểm. Tâm điểm dòng tiền tiếp tục là nhóm bất động sản,...",https://cafef.vn/lanh-dao-doanh-nghiep-ho-flc-tu-nhiem-co-phieu-bay-mau-188230621195906598.chn,"['Thị trường cải thiện cả về điểm số và thanh khoản. Nhóm vốn hóa lớn giao dịch tích cực, với sắc xanh bao phủ hơn 21 cổ phiếu. Sự đồng thuận của nhiều nhóm ngành, cùng với dòng tiền chủ động giải ngân đã ủng hộ cho thị trường đi lên. Diễn biến càng về cuối phiên, càng tích cực. Đóng góp tích cực nhất cho chỉ số chính là HPG, GVR, VNM, VIC, MSN, TCB...', 'HPG là đầu kéo mạnh nhất, giá trị giao dịch cũng đứng đầu toàn thị trường, hơn 857 tỷ đồng. HPG đóng cửa tăng 4%, lên 24.600 đồng/cổ phiếu. Khối ngoại tiếp tục giải ngân mạnh vào HPG với giá trị mua ròng 136 tỷ đồng, đứng đầu thị trường. Cùng với HPG, nhóm thép ngập trong sắc xanh, thanh khoản khá. Các mã trong ngành vật liệu xây dựng như HOM, HT1 và TXM tăng kịch trần. NKG tăng 4,4%, HSG, BVG, SMC, VGS, POM... tăng trên dưới 3%.', 'Với HSG, cổ đông doanh nghiệp này sắp nhận được cổ tức bằng cổ phiếu, tỷ lệ 3%. Sở Giao dịch Chứng khoán TP HCM (HoSE) vừa công bố thông tin về ngày đăng ký cuối cùng để nhận cổ tức của HSG là ngày 26/6.', 'Phiên hôm nay, nhóm xây dựng, bất động sản hấp dẫn dòng tiền. GEX, DIG, NVL dẫn đầu thanh khoản. GEX tăng 5,7% lên 20.300 đồng/cổ phiếu. Nhiều mã tăng mạnh 4-6% như PXL, DRH, TDC, TDH... Đáng chú ý, QCG tăng trần trở lại sau 5 phiên giảm mạnh vừa qua. Trong khi đó, mã lớn như VHM ngược chiều giảm giá gần 1%.', 'Trong nhóm bất động sản, KDH có thông tin đáng chú ý về kế hoạch phát hành 10,8 triệu cổ phiếu ESOP, tương ứng 1,5% tổng lượng cổ phiếu đang lưu hành, giá phát hành dự kiến 12.500 đồng/cổ phiếu. Khang Điền cũng thông qua kế hoạch trả cổ tức năm 2022 bằng cổ phiếu với tỷ lệ 10%, cổ đông sở hữu 100 cổ phiếu sẽ nhận thêm 10 cổ phiếu. Cả hai phương án sẽ được thực hiện sau khi Ủy ban chứng khoán Nhà nước thông báo đã nhận đủ tài liệu báo cáo phát hành, dự kiến vào quý 3/2023. Nếu thực hiện thành công các đợt phát hành trên, Khang Điền sẽ nâng vốn điều lệ lên hơn 7.990 tỷ đồng.', 'Sức hút của cổ phiếu nhóm chứng khoán phiên hôm nay được kiểm chứng khi VND, SSI tiếp tục dẫn đầu thanh khoản và lọt top 5 toàn thị trường về giá trị giao dịch. Tuy nhiên, mức tăng của các mã đầu ngành khá khiêm tốn, chỉ trên dưới 1%. Cổ phiếu nhỏ bứt phá mạnh hơn với AGR, CTS tăng trần. Loạt mã khác như EVS, SBS, VIX, TVB, BVS, HCM... tăng 4-5%.', 'Nhiều cổ phiếu nhỏ cũng tăng tốt, như HAS, NVT, PTC, RDP... Dù đã bị đình chỉ giao dịch, nhưng tại AMD (FLC Stone) vừa có đáng chú ý về đơn từ nhiệm của Phó Tổng giám đốc Nguyễn Công Tuấn. Vì lý do cá nhân, ông Tuấn xin tạm dừng công việc tại FLC Stone kể từ ngày 30/6. Đáng chú ý, ông Tuấn vừa mới được bổ nhiệm vào vị trí này từ ngày 7/1/2023.', 'Kết thúc phiên giao dịch, VN-Index tăng 6,74 điểm (0,61%) lên 1.118,46 điểm. HNX-Index tăng 3 điểm (1,31%) lên 231,77 điểm. UPCoM-Index tăng 0,63 điểm (0,74%) lên 85,45 điểm. Thanh khoản cải thiện, với giá trị khớp lệnh HoSE tăng mạnh lên hơn 16.000 tỷ đồng. Khối ngoại thu hẹp đà bán ròng, giá trị còn 46 tỷ đồng, tập trung vào VNM, TDC, TPB, PVS... Chiều ngược lại, các mã được mua ròng là HPG, STB, SSI, GEX...']"
2023-06-21T19:53:00,Chứng khoán Trí Việt bị đưa vào diện cảnh báo,"Cổ phiếu Công ty CP Chứng khoán Trí Việt (TVB) bị đưa vào diện cảnh báo kể từ 27-6, vì lợi nhuận chưa phân phối tại báo cáo tài chính năm 2022 âm và TVB cũng đang trong diện...",https://cafef.vn/chung-khoan-tri-viet-bi-dua-vao-dien-canh-bao-188230621195437072.chn,"['Sở Giao dịch Chứng khoán TP HCM (HoSE) vừa công bố việc đưa cổ phiếu TVB của Công ty CP Chứng khoán Trí Việt (Chứng khoán Trí Việt) vào diện cảnh báo từ 27-6.', 'Theo đó, Chứng khoán Trí Việt vừa báo có kết quả lợi nhuận sau thuế chưa phân phối tại báo cáo tài chính 2022 đã kiểm toán bị âm.', 'Đồng thời, TVB đang trong diện chứng khoán bị hạn chế giao dịch vì chậm công bố báo cáo tài chính kiểm toán 2022 quá 45 ngày so với thời hạn quy định. ', 'Đóng cửa phiên giao dịch 21-6, cổ phiếu TVB đã tăng 290 đồng, lên 6.350 đồng/cổ phiếu. So với thời điểm đáy vào tháng 11/2022 thì TVB đã tăng hơn gấp đôi, đi từ dưới 3.000 đồng/cổ phiếu lên 6.350 đồng/cổ phiếu.', 'Trí Việt là công ty chứng khoán có một số lãnh đạo và nhân viên đã bị khởi tố hình sự vì thao túng giá cổ phiếu có liên quan đến hệ sinh thái của ông Đỗ Thành Nhân, cựu Chủ tịch HĐQT Louis Holding. ', 'Trong đó có ông Đỗ Đức Nam (Cựu Tổng giám đốc Chứng khoán Trí Việt) và ông Phạm Thanh Tùng, Chủ tịch HĐQT Chứng khoán Trí Việt, đã bị khởi tố.']"
2023-06-21T19:09:00,"Góc nhìn CTCK: VN-Index ngắn hạn tiến lên 1.125 điểm, NĐT hạn chế mua đuổi",Agriseco Research kỳ vọng chỉ số có thể tiếp tục hướng đến kiểm định kháng cự 1.120 – 1.125 điểm trong phiên mai.,https://cafef.vn/goc-nhin-ctck-vn-index-ngan-han-tien-len-1125-diem-ndt-han-che-mua-duoi-188230621190720987.chn,"['Tiếp nối đà hồi phục, VN-Index có thêm phiên đóng cửa trong sắc xanh, hướng về vùng 1.120 điểm. Đồng thuận với giá, dòng tiền cũng cải thiện tốt, trong đó nhóm chủ đề đầu tư công và chứng khoán thu hút tốt dòng tiền.', 'Kết phiên, chỉ số tăng 3,98 điểm (tương đương 0,36%) lên 1.115 điểm. Thanh khoản tăng mạnh 33% so với phiên giao dịch trước với giá trị giao dịch trên HOSE đạt 17.520 tỷ đồng.', 'Tiếp tục hướng đến vùng 1.125 điểm', 'Chứng khoán Agriseco', 'Trên đồ thị kỹ thuật, VN-Index lấy lại hỗ trợ ngắn hạn MA10. Với các tín hiệu tích cực từ chỉ báo dòng tiền MFI và chỉ báo động lượng RSI trên khung giờ, Agriseco Research kỳ vọng chỉ số có thể tiếp tục hướng đến kiểm định kháng cự 1.120 – 1.125 điểm trong phiên mai.', 'Tuy nhiên, đây là mốc cản mà chỉ số chinh phục nhiều lần chưa thành công, vì vậy rung lắc có thể xảy ra tại đây. Nhà đầu tư đã giải ngân quanh vùng 1.100 điểm có thể tiếp tục nắm giữ danh mục và gia tăng tỷ trọng trong trường hợp chỉ số vượt thành công ngưỡng kháng cự kể trên. Một số nhóm ngành nhà đầu tư nên ưu tiên giai đoạn này bao gồm nhóm chủ đề đầu tư công, khu công nghiệp và chứng khoán.', 'Chứng khoán KBSV', 'Lực cầu bắt đáy một lần nữa gia tăng quanh ngưỡng hỗ trợ gần 1.105-1.110 đã giúp cho chỉ số sớm hồi phục sau một nhịp rung lắc giằng co. VN-Index nhiều khả năng sẽ tiếp tục quán tính tăng điểm trong các phiên tiếp theo và thử thách lại vùng đỉnh cũ quanh 1.125-1.130. NĐT được khuyến nghị tiếp tục áp dụng chiến lược trading quay vòng, nắm giữ một phần vị thế và kết hợp mua tại hỗ trợ - bán tại kháng cự theo từng mã riêng lẻ với phần vị thế còn lại.', 'Chứng khoán Yuanta', 'Yuanta cho rằng thị trường có thể sẽ tiếp tục đà tăng trong phiên kế tiếp, nhưng chỉ số VN-Index điều chỉnh trở lại sau khi tiến về mức kháng cự 1.125 điểm. Đồng thời, thị trường vẫn đang trong giai đoạn tích lũy ngắn hạn cho nên các nhà đầu tư cần hạn chế mua đuổi trong nhịp tăng và ưu tiên tích lũy tại các nhịp điều chỉnh, đặc biệt các nhà đầu tư nên chú ý vào xu hướng ở từng nhóm cổ phiếu. Điểm tích cực là dòng tiền tăng trở lại và có xu hướng gia tăng vào nhóm cổ phiếu vốn hóa vừa, Yuanta đánh giá nhóm này đang có đà tăng trưởng mạnh nhất. Ngoài ra, chỉ báo tâm lý ngắn hạn tăng nhẹ cho thấy các nhà đầu tư đã giảm thận trọng.', 'Cẩn thận nhịp rung lắc', 'Chứng khoán VCBS', 'Về góc nhìn kỹ thuật, lực cầu về cuối phiên tiếp tục giúp VN Index hình thành nến xanh tăng điểm phục hồi. Các chỉ báo ở cả 2 khung đồ thị ngày và giờ đều đồng loạt cho tín hiệu hướng lên tích cực. Trong đó, đường chỉ báo sức mạnh xu hướng DI+ và ADX ở khung đồ thị ngày vẫn đang ở mức cao cho thấy thị trường vẫn đang trong nhịp tăng điểm.', 'Tuy nhiên, việc MACD và RSI ở khung đồ thị giờ mới chỉ tạo 1 đáy sau chuỗi phiên điều chỉnh nên VN Index vẫn có thể sẽ xuất hiện những phiên rung lắc, tích lũy trong ngắn hạn. VCBS khuyến nghị các nhà đầu tư tiếp tục duy trì tỉ trọng cổ phiếu và chỉ gia tăng thêm tỉ trọng trong những phiên điều chỉnh thay vì mua đuổi trong những phiên tăng điểm mạnh.', 'Chứng khoán Vietinbank (CTS)', 'Xét trong ngắn hạn T+3, sức mạnh tổng quan của chỉ số VN-Index ghi nhận kịch bản suy yếu trước vùng kháng cự 1.125 – 1.135 điểm trong bối cảnh nhiều chỉ báo kỹ thuật cũng ghi nhận duy trì diễn biến suy yếu, xác nhận diễn biến điều chỉnh ngắn hạn hiện tại. Theo đó, chỉ số VN-Index có khả năng về lại ngưỡng hỗ trợ 1.092 điểm hoặc ngưỡng 1.078 điểm trước khi quay trở lại xu hướng tăng giá.']"
2023-06-21T17:49:00,Tự doanh CTCK bán ròng hàng trăm tỷ đồng trong ngày VN-Index tiếp đà tăng điểm,"Trên sàn HoSE, tự doanh CTCK ghi nhận bán ròng 270 tỷ đồng.",https://cafef.vn/tu-doanh-ctck-ban-rong-hang-tram-ty-dong-trong-ngay-vn-index-tiep-da-tang-diem-188230621174854895.chn,"['Thị trường chứng khoán tiếp tục ghi nhận phiên thứ hai liên tiếp hồi phục. Hàng loạt nhóm ngành đồng thuận tăng điểm giúp VN-Index trở nên hưng phấn và đóng cửa ở mốc cao nhất. Kết phiên, chỉ số tăng 6,74 điểm lên 1.118,46 điểm. Thanh khoản cũng cải thiện so với phiên giao dịch trước với giá trị giao dịch trên HOSE đạt 17.520 tỷ đồng.', 'Tuy nhiên, giao dịch khối ngoại lại trở nên ảm đạm khi họ bán ròng 71 tỷ đồng trên toàn thị trường. \ufeffCùng chiều, tự doanh CTCK cũng bán ròng trên toàn thị trường với giá trị hơn 270 tỷ đồng.', 'T\ufeffrên sàn HoSE, tự doanh CTCK ghi nhận bán ròng 270 tỷ đồng , trong đó bán ròng 303 tỷ đồng trên kênh khớp lệnh, và mua ròng 33 tỷ tại kênh thoả thuận.', 'Cụ thể, nhóm CTCK tập trung bán ròng tại cổ phiếu ngân hàng STB với giá trị khoảng 69 tỷ đồng, HPG cũng bị bán 44 tỷ đồng. Ngoài ra, những bluechips khác như VPB, BCM, VNM, SSI cũng bị bán ròng từ 17 tỷ đến 28 tỷ đồng.', 'Chiều ngược lại, tự doanh CTCK mua ròng mạnh nhất tại CCQ FUEVFVND trên sàn HoSE với giá trị 62 tỷ đồng; theo sau, chứng quyền CSTB2225 và CCQ E1VFVN30 được mua ròng trên 17 tỷ đồng mỗi mã.', 'Trên HNX, tự doanh CTCK bán ròng nhẹ 1 tỷ đồng , chủ yếu bán mạnh nhất tại mã DDG với giá trị 1,3 tỷ đồng.', 'Trên UPCoM, tự doanh CTCK ghi nhận mua ròng 1 tỷ đồng, tập trung tại cổ phiếu BSR với giá trị mua ròng gần 900 triệu đồng.']"
2023-06-21T17:11:00,Bamboo Airways có Chủ tịch mới là người Nhật Bản,"Ngày 21-6, Đại hội đồng cổ đông Công ty cổ phần hàng không Tre Việt (Bamboo Airways) đã diễn ra tại trụ sở công ty ở Hà Nội, bầu Chủ tịch Hội đồng quản trị mới là người Nhật Bản",https://cafef.vn/bamboo-airways-co-chu-tich-moi-la-nguoi-nhat-ban-188230621171133666.chn,"['Đại hội đã bầu ra 7 thành viên Hội đồng quản trị (HĐQT) nhiệm kỳ 2023 - 2028, bao gồm ông Nguyễn Ngọc Trọng, ông Doãn Hữu Đoàn, ông Lê Bá Nguyên, ông Lê Thái Sâm, ông Trần Hòa Bình, ông Oshima Hideki, ông Phan Đình Tuệ, bổ sung và thay thế cho các thành viên HĐQT nhiệm kỳ 2019 - 2024 đã từ nhiệm.', 'Trước thềm đại hội, hai cổ đông lớn của Bamboo Airways là ông Lê Thái Sâm (nắm 38,28% vốn) và Doãn Hữu Đoàn (nắm 16,85% vốn) đã đề cử 7 ứng viên trên cho vị trí thành viên HĐQT Bamboo Airways nhiệm kỳ 2023 - 2028.', 'Cùng với đó, Đại hội đồng cổ đông cũng đã bầu 3 thành viên Ban kiểm soát nhiệm kỳ 2023 - 2028 là bà Nguyễn Thị Hữu, bà Nguyễn Bích Ngọc, ông Nguyễn Đăng Khoa, bổ sung và thay thế cho các thành viên cũ đã từ nhiệm.', 'Cùng ngày, HĐQT Bamboo Airways cũng đã họp và thống nhất bầu ông Oshima Hideki là Chủ tịch HĐQT Bamboo Airways, ông Nguyễn Ngọc Trọng giữ chức vụ Phó Chủ tịch thường trực, ông Doãn Hữu Đoàn và ông Phan Đình Tuệ đảm nhiệm chức vụ Phó Chủ tịch HĐQT Bamboo Airways.', 'Phát biểu tại sự kiện, ông Oshima Hideki nhấn mạnh, tính an toàn là yếu tố tiên quyết trong hàng không, tiếp theo đó là việc cung cấp dịch vụ chất lượng cho hành khách. ""Để làm được điều này, sự vui vẻ và hạnh phúc của các nhân viên, đặc biệt là đội ngũ nhân sự tuyến đầu là yếu tố then chốt. Bởi vậy, tôi sẽ luôn nỗ lực hỗ trợ và sát cánh với các nhân viên để thúc đẩy tinh thần đồng đội xuyên suốt từ ban lãnh đạo""- ông Oshima Hideki cho hay.', 'Theo ông, yếu tố quan trọng để cải thiện lợi nhuận trong lĩnh vực hàng không xuất phát từ việc mỗi nhân viên sẽ phải có trách nhiệm với chi phí của chính bộ phận mình. Nói cách khác, mỗi cá nhân phải có ý thức và tư duy của người làm quản trị doanh nghiệp. Đây cũng là văn hóa doanh nghiệp mà ông mong muốn sẽ xây dựng và lan tỏa tại Bamboo Airways.', 'Tân Chủ tịch Bamboo Airways có gần 40 năm kinh nghiệm trong lĩnh vực hàng không, từng đảm nhiệm nhiều vị trí quản lý cấp cao tại các cảng hàng không, hãng bay lớn của châu Á như: Phó Tổng giám đốc Hãng hàng không Japan Airlines - Nhật Bản, Phó Tổng giám đốc Sân bay Narita Tokyo - Nhật Bản, Giám đốc dự án Sân bay Haneda Tokyo - Nhật Bản, …']"
2023-06-21T17:01:00,Hai cổ đông lớn nhất của Novaland tiếp tục bị bán giải chấp hàng triệu cổ phiếu NVL,"Thời gian gần đây, hai tổ chức này đã nhiều lần bị bán giải chấp cổ phiếu NVL. Không chỉ vậy, tổ chức này còn chủ động đăng ký bán ra cổ phiếu.",https://cafef.vn/hai-co-dong-lon-nhat-cua-novaland-tiep-tuc-bi-ban-giai-chap-hang-trieu-co-phieu-nvl-188230621170116419.chn,"['Trong thông báo mới nhất, hai cổ đông lớn nhất của CTCP Tập đoàn Đầu tư Địa ốc No Va (Novaland – mã: NVL) đã thông báo về giao dịch bị bán giải chấp hàng triệu cổ phiếu NVL.', 'Cụ thể, CTCP NovaGroup đã bị công ty chứng khoán bán giải chấp gần 490 nghìn cổ phiếu NVL trong bốn phiên giao dịch 14/6, 15/6, 19/6 và 20/6. Sau giao dịch, tổ chức này đã giảm sở hữu từ 540 triệu cổ phiếu (tỷ lệ 27,675%) xuống còn hơn 539 triệu cổ phiếu (tỷ lệ 27,65%).', 'Tương tự, CTCP Diamond Properties báo cáo giao dịch bị bán giải chấp gần 1,6 triệu cổ phiếu NVL trong hai phiên 14 và 16/6, qua đó hạ sở hữu tại Novaland xuống còn 192,5 triệu cổ phần, tương đương 9,872% vốn điều lệ.', 'NovaGroup và Diamond Properties đều là các tổ chức liên quan tới Chủ tịch HĐQT Novaland Bùi Thành Nhơn. Thời gian gần đây, hai tổ chức này đã nhiều lần bị bán giải chấp cổ phiếu NVL. Không chỉ vậy, tổ chức này còn chủ động đăng ký bán ra cổ phiếu.', 'Trong đó, Diamond Properties đăng ký bán13,6 triệu cổ phiếu CTCP Đầu tư Địa ốc No Va (Novaland – mã NVL) với mục đích cân đối danh mục đầu tư và hỗ trợ cơ cấu các khoản nợ, nghĩa vụ khác. Giao dịch dự kiến được thực hiện theo phương thức khớp lệnh và/hoặc thoả thuận từ ngày 22/6 đến 21/7.', 'Cùng mục đích, NovaGroup cũng đã đăng ký bán tiếp 136,4 triệu cổ phiếu NVL từ ngày 16/6 đến 14/7/2023. Nếu 2 tổ chức trên bán ra toàn bộ cổ phiếu đăng ký, tỷ lệ sở hữu tại Novaland của nhóm cổ đông liên quan với ông Bùi Thành Nhơn sẽ giảm xuống dưới 43%.', 'Trước giao dịch vừa đăng ký trên, 2 cổ đông lớn đã vừa bán ra gần 19 triệu cổ phiếu NVL từ giữa tháng 5 đến đầu tháng 6, chỉ khoảng 1/5 tổng lượng đã đăng ký. Lý do được đưa ra là thay đổi thời gian giao dịch để phù hợp với kế hoạch cơ cấu nợ của công ty.', 'Trên thị trường, sau nhịp tăng mạnh, cổ phiếu NVL đang đi ngang quanh vùng 15.900 đồng/cp, tăng hơn 40% so với thời điểm cuối tháng 3. Vốn hoá thị trường tương ứng đạt hơn 28.200 tỷ đồng, tăng khoảng 5.100 tỷ sau hơn 3 tháng.', 'Về tình hình hoạt động, ngày 22/6 tới đây, Novaland sẽ tổ chức Đại hội đồng cổ đông thường niên 2023. Novaland lên kế hoạch doanh thu năm nay ở mức 9.531 tỷ đồng, lợi nhuận sau thuế 214 tỷ đồng, lần lượt giảm 15% và 90% so với thực hiện của năm trước. Đây là mức lợi nhuận thấp nhất trong 8 năm qua, kể từ khi doanh nghiệp bất động sản này niêm yết năm 2016.', 'Riêng trong quý 1, Novaland ghi nhận tổng doanh thu giảm 69% so với cùng kỳ năm ngoái xuống 604 tỷ đồng. Khấu trừ thuế phí, Novaland ghi nhận lỗ 410 tỷ đồng trong khi cùng kỳ năm ngoái lãi 1.046 tỷ đồng.']"
2023-06-21T15:27:00,"Phiên 21/6: Khối ngoại tiếp đà bán ròng, ""xả"" mạnh VNM",Giao dịch khối ngoại phiên hôm nay lại trở thành điểm trừ khi bán ròng 71 tỷ đồng trên toàn thị trường.,https://cafef.vn/phien-21-6-khoi-ngoai-tiep-da-ban-rong-xa-manh-vnm-18823062115272211.chn,"['VN-Index tiếp tục ghi nhận phiên thứ hai liên tiếp hồi phục. Kết phiên, chỉ số tăng 6,74 điểm (tương đương 0,61%) lên 1.118,46 điểm. Thanh khoản tăng mạnh 33% so với phiên giao dịch trước với giá trị giao dịch trên HOSE đạt 17.520 tỷ đồng.', 'Thị trường cân bằng trở lại, giao dịch khối ngoại phiên lại trở nên ảm đạm khi họ bán ròng 71 tỷ đồng trên toàn thị trường.', 'Trên HOSE, khối ngoại mua ròng với giá trị xấp xỉ 13 tỷ đồng', 'Tại chiều mua, HPG được mua ròng mạnh nhất với giá trị 113 tỷ đồng. Bên cạnh đó, STB xếp tiếp theo danh sách mua ròng mạnh trên HoSE với 97 tỷ đồng. Ngoài ra, khối ngoại cũng mua ròng SSI và GEX với giá trị là 50 và 42 tỷ đồng.', 'Ngược lại, VNM chịu áp lực bán ròng mạnh nhất của khối ngoại với giá trị 142 tỷ đồng; theo sau TPB, VCB bị bán khoảng 41 và 37 tỷ đồng mỗi mã.', 'Trên HNX, khối ngoại bán ròng 76 tỷ đồng', 'Tại chiều mua, SHS được mua ròng mạnh nhất với giá trị 17 tỷ đồng. Bên cạnh đó, TNG xếp tiếp theo danh sách mua ròng mạnh trên HNX với 3 tỷ đồng. Ngoài ra, khối ngoại cũng mua ròng TVD và PVB với giá trị là vài trăm triệu đến vài tỷ đồng mỗi mã.', 'Ngược lại, IDC chịu áp lực bán ròng của khối ngoại với giá trị 53 tỷ đồng; theo sau PVS bị bán khoảng 39 tỷ đồng.', 'Trên UPCOM, khối ngoại bán ròng 8 tỷ đồng', 'Chiều mua, cổ phiếu VTP hôm nay được khối ngoại mua 1,8 tỷ đồng, tương tự, BSR, MPC, PHP cũng đồng loạt được mua ròng mỗi cổ phiếu từ vài trăm triệu đồng.', 'QNS hôm nay bị khối ngoại bán ròng mạnh khoảng gần 5 tỷ đồng; ngoài ra họ cũng bán ròng tại SIP, LTG, MCM,...']"
2023-06-21T15:24:00,Bloomberg: Chứng khoán Việt Nam phục hồi vượt trội so với các thị trường trong khu vực,Chứng khoán Việt Nam đang phục hồi vượt trội so với các thị trường khác trong khu vực nhờ việc cắt giảm lãi suất và các chính sách hỗ trợ của Chính phủ.,https://cafef.vn/bloomberg-chung-khoan-viet-nam-phuc-hoi-vuot-troi-so-voi-cac-thi-truong-trong-khu-vuc-188230621152426123.chn,"['Chỉ số VN-Index ghi nhận tăng 9,8% từ đầu năm nay, trái ngược với diễn biến trên các thị trường chứng khoán còn lại của Đông Nam Á. Indonesia, thị trường ngôi sao của khu vực này năm ngoái, ghi nhận sụt giảm 2,4% từ đầu năm đến nay.', 'Sau một năm lao dốc khiến định giá thị trường hấp dẫn, các nhà đầu tư đã quay trở thị trường chứng khoán Việt Nam trong bối cảnh Chính phủ tuyên bố sẽ có nhiều biện pháp hơn để hỗ trợ các doanh nghiệp đang gặp khó khăn và thúc đẩy tăng trưởng kinh tế.', 'Trong báo cáo cập nhật thị trường mới nhất, Dragon Capital cho biết: “Chúng tôi nhận thấy nhà đầu tư đã quan tâm đến các loại hình tài sản rủi ro nhiều hơn, đặc biệt khi định giá rẻ đang mang lại lợi suất hấp dẫn hơn so với lãi suất tiền gửi đang có xu hướng giảm gần đây”. Các nhà đầu tư cá nhân cũng trở nên tự tin hơn khi chi phí đi vay thấp hơn.', 'Giá trị giao dịch bình quân tăng lên hơn 732 triệu USD/phiên trong tháng 6, cao nhất kể từ tháng 4/2022, theo dữ liệu do Bloomberg tổng hợp. Các nhà đầu tư nước ngoài cũng đã mua ròng 38,2 triệu USD cổ phiếu trong tháng này tính đến ngày 16/6, sau khi bán ròng liên tiếp trong hai tháng 4 và tháng 5. Trong khi đó, các thị trường khác trong khu vực như Indonesia, Thái Lan và Malaysia đang chứng kiến dòng tiền khối ngoại ""tháo chạy"".', 'Đầu năm nay, Chính phủ đã ban hành quy định cho phép các doanh nghiệp kéo dài thời gian đáo hạn nợ trái phiếu lên tới hai năm và sử dụng các tài sản khác để thanh toán gốc và lãi trái phiếu như một phần trong nỗ lực giảm bớt khủng hoảng thanh khoản thị trường. Việt Nam cũng ưu tiên tăng trưởng kinh tế, hỗ trợ các doanh nghiệp phụ thuộc vào xuất khẩu đang phải vật lộn với tình trạng sụt giảm các đơn đặt hàng từ nước ngoài.', 'Mặt khác, Ngân hàng Nhà nước Việt Nam (NHNN) đang đi ngược xu hướng của các ngân hàng trung ương trong khu vực và trên thế giới bằng cách cắt giảm lãi suất để thúc đẩy tăng trưởng và giảm gánh nặng chi phí tài chính cho các doanh nghiệp. NHNN đã giảm lãi suất lần thứ tư liên tiếp vào tuần trước, trong khi cả Malaysia lẫn Thái Lan tiếp tục thắt chặt lãi suất, Indonesia và Philippines đều dự kiến sẽ giữ nguyên lãi suất trong cuộc họp tuần này.', 'Các nhà phân tích dự đoán các nhà hoạch định chính sách Việt Nam có thể sẽ tăng cường các biện pháp thúc đẩy nền kinh tế sau khi giữ nguyên mục tiêu tăng trưởng hàng năm 6,5% mặc dù số liệu quý đầu tiên không đạt kỳ vọng.', 'Jiyun Chung, Giám đốc bộ phận cổ phiếu của Manulife IM Việt Nam tại TP. Hồ Chí Minh, cho biết, đây là “cơ hội tốt để tích lũy cổ phiếu trong dài hạn”, đặc biệt là cổ phiếu  lĩnh vực tiêu dùng.', 'Ông Marco Martinelli, đối tác của Turicum Investment Management tại TP. Hồ Chí Minh, cho biết, thị trường vẫn có thể tồn tại một số bất ổn trong ngắn hạn do lợi nhuận của doanh nghiệp kém khả quan và hoạt động kinh tế chậm lại. Các yếu tố bên ngoài như giá cả hàng hóa cao và nhu cầu yếu từ các nước phát triển cũng có thể ảnh hưởng đến các doanh nghiệp trong nước.', '“Tuy nhiên, các nhà đầu tư nước ngoài, đặc biệt là các nhà đầu tư chiến lược, tiếp tục thể hiện mức độ quan tâm cao đối với thị trường Việt Nam”, ông Marco Martinelli nói.', 'Cũng theo chuyên gia này, với mức P/E 12 tháng là 10, thị trường chứng khoán Việt Nam mang lại sức hấp dẫn lớn hơn so với các thị trường trong khu vực. Để so sánh, P/E của chỉ số SET của Thái Lan và chỉ số Jakarta Composite của Indonesia đang giao dịch ở mức lần lượt là 15,5 và 13,3.']"
2023-06-21T15:19:00,"Một công ty chứng khoán chào bán cổ phiếu chỉ bằng nửa thị giá, cổ đông lớn nhất vẫn muốn nhượng lại quyền mua","Với động thái trên của cổ đông lớn nhất, cơ cấu cổ đông của công ty chứng khoán này nhiều khả năng sẽ có biến động lớn sau đợt chào bán.",https://cafef.vn/mot-cong-ty-chung-khoan-chao-ban-co-phieu-chi-bang-nua-thi-gia-co-dong-lon-nhat-van-muon-nhuong-lai-quyen-mua-188230621151930592.chn,"['CTCP Đầu tư NTP vừa đăng ký bán toàn bộ 70 triệu quyền mua cổ phiếu trong đợt chào bán ưu đãi cho cổ đông hiện hữu của CTCP Chứng khoán DSC (mã DSC). Nếu bán thành công, tổ chức này sẽ không còn quyền mua cổ phiếu trong đợt phát hành trên của Chứng khoán DSC.', 'Đầu tư NTP là tổ chức có liên quan đến ông Nguyễn Đức Anh - Chủ tịch HĐQT Chứng khoán DSC. Tổ chức này hiện đang là cổ đông lớn nhất của Chứng khoán DSC sở hữu 70 triệu cổ phiếu, tương ứng tỷ lệ 70% cổ phần trong khi ông Đức Anh chỉ trực tiếp nắm giữ gần 1,5 triệu cổ phiếu DSC (tỷ lệ 1,5%).', 'Với động thái trên của cổ đông lớn nhất, cơ cấu cổ đông của Chứng khoán DSC nhiều khả năng sẽ có biến động lớn sau đợt chào bán. Tỷ lệ sở hữu của Đầu tư NTP có thể giảm tối đa xuống còn 35% cổ phần.', 'Động thái đăng ký bán quyền mua của Đầu tư NTP có phần bất ngờ khi thị giá DSC trên thị trường đang cao hơn gấp đôi so với giá chào bán cho cổ đông. Cổ phiếu này đã tăng hơn 70% từ đầu tháng 3 và hiện đang dừng ở mức 22.200 đồng/cp.', 'Theo phương án thông qua trước đó, Chứng khoán DSC sẽ phát hành 100 triệu cổ phiếu cho cổ đông hiện hữu với giá 10.000 đồng/cổ phiếu, tỷ lệ thực hiện quyền là 1:1 (01 cổ phiếu được hưởng được 01 quyền, 01 quyền được mua 01 cổ phiếu mới); số cổ phần phát hành thêm sẽ không bị hạn chế chuyển nhượng.', 'Nếu thực hiện thành công, Chứng khoán DSC sẽ tăng vốn điều lệ gấp đôi lên 2.000 tỷ đồng. Số tiền 1.000 tỷ dự kiến thu được từ đợt chào bán sẽ được dùng để để nâng cao năng lực và bổ sung vốn vào các hoạt động kinh doanh như cho vay, bảo lãnh phát hành, tự doanh, kinh doanh mảng phái sinh và chứng quyền có đảm bảo.', 'Chứng khoán DSC tiền thân là CTCP Chứng khoán Đà Nẵng. Cuối năm 2020, công ty này đổi chủ khi cổ đông lớn CTCP Việt Nam Equity và CTCP Đầu tư phát triển Nhà Đà Nẵng thoái vốn. Thay vào đó là 3 cá nhân gồm ông Nguyễn Đức Anh, ông Tạ Văn Mạnh và bà Nguyễn Thị Thu Hà. Đến tháng 8/2021, CTCK này phát hành thành công 94 triệu cổ phiếu để tăng vốn điều lệ lên 1.000 tỷ đồng. Số cổ phiếu này được phân bổ cho 5 nhà đầu tư trong nước trong đó có Đầu tư NTP.']"
